Load earlier flights,,,,,,,Abilene Regional Airport(ABI/KABI),
Loading...,,,,,,,Abilene Regional Airport(ABI/KABI),
"Sorry, we don't have any information about flights for this airport",,,,,,,Abilene Regional Airport(ABI/KABI),
Landed 16:27 16:17  Phoenix(AZA) BE20N24HD -,,,,,,,Abilene Regional Airport(ABI/KABI),
Landed 16:24 16:23  Boise(BOI) BE20N61PC -,,,,,,,Abilene Regional Airport(ABI/KABI),
Landed 17:35 17:45 AA3405 Dallas(DFW) E170N790MKAmerican Eagle -,,,,,,,Abilene Regional Airport(ABI/KABI),
Landed 20:32 19:53 AA3705 Dallas(DFW) E75LN258NNAmerican Eagle -,,,,,,,Abilene Regional Airport(ABI/KABI),
Landed 21:47 21:54 AA3795 Dallas(DFW) E75LN223NNAmerican Eagle -,,,,,,,Abilene Regional Airport(ABI/KABI),
Unknown  06:50 BVN8285 Lubbock(LBB) C28Baron Aviation Services -,,,,,,,Abilene Regional Airport(ABI/KABI),
Unknown  07:26 MRA662 Dallas(DFW) C28Martinaire -,,,,,,,Abilene Regional Airport(ABI/KABI),
Landed 07:57 07:56 BVN8793 Lubbock(LBB) C208N961FEFedEx Feeder -,,,,,,,Abilene Regional Airport(ABI/KABI),
Landed 08:03 08:02 MRA666 Dallas(DFW) C208N1119VMartinaire -,,,,,,,Abilene Regional Airport(ABI/KABI),
Landed 07:53 08:04 BVN8200 Lubbock(LBB) C208N804FEFedEx Feeder -,,,,,,,Abilene Regional Airport(ABI/KABI),
Landed 08:10 08:07 BVN8829 Lubbock(LBB) C208N870FEFedEx Feeder -,,,,,,,Abilene Regional Airport(ABI/KABI),
Landed 08:08 08:24 BVN8811 Lubbock(LBB) C208N970FEFedEx Feeder -,,,,,,,Abilene Regional Airport(ABI/KABI),
Landed 08:32 08:30 HOB6 Oklahoma City(OKC) LJ75N472HL -,,,,,,,Abilene Regional Airport(ABI/KABI),
Landed 09:45 09:46  Georgetown(QTG) M20PN5801N -,,,,,,,Abilene Regional Airport(ABI/KABI),
Landed 10:11 09:57 AA3407 Dallas(DFW) E170N746CCAmerican Eagle -,,,,,,,Abilene Regional Airport(ABI/KABI),
Canceled  13:00 AA9901 Dallas(DFW) -N444MQAmerican Airlines -,,,,,,,Abilene Regional Airport(ABI/KABI),
Landed 14:06 14:14 AA3406 Dallas(DFW) E75LN256NNAmerican Eagle -,,,,,,,Abilene Regional Airport(ABI/KABI),
Landed 17:37 17:45 AA3405 Dallas(DFW) E170N872RWAmerican Eagle -,,,,,,,Abilene Regional Airport(ABI/KABI),
Landed 20:41 20:48  Las Cruces(LRU) C414N4228C -,,,,,,,Abilene Regional Airport(ABI/KABI),
Landed 21:46 21:54 AA3795 Dallas(DFW) E75LN268NNAmerican Eagle -,,,,,,,Abilene Regional Airport(ABI/KABI),
Landed 16:27 16:17  Phoenix(AZA) BE20N24HD -,,,,,,,Abilene Regional Airport(ABI/KABI),
Landed 16:24 16:23  Boise(BOI) BE20N61PC -,,,,,,,Abilene Regional Airport(ABI/KABI),
Landed 17:35 17:45 AA3405 Dallas(DFW) E170N790MKAmerican Eagle -,,,,,,,Abilene Regional Airport(ABI/KABI),
Landed 20:32 19:53 AA3705 Dallas(DFW) E75LN258NNAmerican Eagle -,,,,,,,Abilene Regional Airport(ABI/KABI),
Landed 21:47 21:54 AA3795 Dallas(DFW) E75LN223NNAmerican Eagle -,,,,,,,Abilene Regional Airport(ABI/KABI),
Unknown  06:50 BVN8285 Lubbock(LBB) C28Baron Aviation Services -,,,,,,,Abilene Regional Airport(ABI/KABI),
Unknown  07:26 MRA662 Dallas(DFW) C28Martinaire -,,,,,,,Abilene Regional Airport(ABI/KABI),
Landed 07:57 07:56 BVN8793 Lubbock(LBB) C208N961FEFedEx Feeder -,,,,,,,Abilene Regional Airport(ABI/KABI),
Landed 08:03 08:02 MRA666 Dallas(DFW) C208N1119VMartinaire -,,,,,,,Abilene Regional Airport(ABI/KABI),
Landed 07:53 08:04 BVN8200 Lubbock(LBB) C208N804FEFedEx Feeder -,,,,,,,Abilene Regional Airport(ABI/KABI),
Landed 08:10 08:07 BVN8829 Lubbock(LBB) C208N870FEFedEx Feeder -,,,,,,,Abilene Regional Airport(ABI/KABI),
Landed 08:08 08:24 BVN8811 Lubbock(LBB) C208N970FEFedEx Feeder -,,,,,,,Abilene Regional Airport(ABI/KABI),
Landed 08:32 08:30 HOB6 Oklahoma City(OKC) LJ75N472HL -,,,,,,,Abilene Regional Airport(ABI/KABI),
Landed 09:45 09:46  Georgetown(QTG) M20PN5801N -,,,,,,,Abilene Regional Airport(ABI/KABI),
Landed 10:11 09:57 AA3407 Dallas(DFW) E170N746CCAmerican Eagle -,,,,,,,Abilene Regional Airport(ABI/KABI),
Canceled  13:00 AA9901 Dallas(DFW) -N444MQAmerican Airlines -,,,,,,,Abilene Regional Airport(ABI/KABI),
Landed 14:06 14:14 AA3406 Dallas(DFW) E75LN256NNAmerican Eagle -,,,,,,,Abilene Regional Airport(ABI/KABI),
Landed 17:37 17:45 AA3405 Dallas(DFW) E170N872RWAmerican Eagle -,,,,,,,Abilene Regional Airport(ABI/KABI),
Landed 20:41 20:48  Las Cruces(LRU) C414N4228C -,,,,,,,Abilene Regional Airport(ABI/KABI),
Landed 21:46 21:54 AA3795 Dallas(DFW) E75LN268NNAmerican Eagle -,,,,,,,Abilene Regional Airport(ABI/KABI),
Landed 16:27 16:17  Phoenix(AZA) BE20N24HD -,,,,,,,Abilene Regional Airport(ABI/KABI),
Landed 16:24 16:23  Boise(BOI) BE20N61PC -,,,,,,,Abilene Regional Airport(ABI/KABI),
Landed 17:35 17:45 AA3405 Dallas(DFW) E170N790MKAmerican Eagle -,,,,,,,Abilene Regional Airport(ABI/KABI),
Landed 20:32 19:53 AA3705 Dallas(DFW) E75LN258NNAmerican Eagle -,,,,,,,Abilene Regional Airport(ABI/KABI),
Landed 21:47 21:54 AA3795 Dallas(DFW) E75LN223NNAmerican Eagle -,,,,,,,Abilene Regional Airport(ABI/KABI),
Unknown  06:50 BVN8285 Lubbock(LBB) C28Baron Aviation Services -,,,,,,,Abilene Regional Airport(ABI/KABI),
Unknown  07:26 MRA662 Dallas(DFW) C28Martinaire -,,,,,,,Abilene Regional Airport(ABI/KABI),
Landed 07:57 07:56 BVN8793 Lubbock(LBB) C208N961FEFedEx Feeder -,,,,,,,Abilene Regional Airport(ABI/KABI),
Landed 08:03 08:02 MRA666 Dallas(DFW) C208N1119VMartinaire -,,,,,,,Abilene Regional Airport(ABI/KABI),
Landed 07:53 08:04 BVN8200 Lubbock(LBB) C208N804FEFedEx Feeder -,,,,,,,Abilene Regional Airport(ABI/KABI),
Landed 08:10 08:07 BVN8829 Lubbock(LBB) C208N870FEFedEx Feeder -,,,,,,,Abilene Regional Airport(ABI/KABI),
Landed 08:08 08:24 BVN8811 Lubbock(LBB) C208N970FEFedEx Feeder -,,,,,,,Abilene Regional Airport(ABI/KABI),
Landed 08:32 08:30 HOB6 Oklahoma City(OKC) LJ75N472HL -,,,,,,,Abilene Regional Airport(ABI/KABI),
Landed 09:45 09:46  Georgetown(QTG) M20PN5801N -,,,,,,,Abilene Regional Airport(ABI/KABI),
Landed 10:11 09:57 AA3407 Dallas(DFW) E170N746CCAmerican Eagle -,,,,,,,Abilene Regional Airport(ABI/KABI),
Canceled  13:00 AA9901 Dallas(DFW) -N444MQAmerican Airlines -,,,,,,,Abilene Regional Airport(ABI/KABI),
Landed 14:06 14:14 AA3406 Dallas(DFW) E75LN256NNAmerican Eagle -,,,,,,,Abilene Regional Airport(ABI/KABI),
Landed 17:37 17:45 AA3405 Dallas(DFW) E170N872RWAmerican Eagle -,,,,,,,Abilene Regional Airport(ABI/KABI),
Landed 20:41 20:48  Las Cruces(LRU) C414N4228C -,,,,,,,Abilene Regional Airport(ABI/KABI),
Landed 21:46 21:54 AA3795 Dallas(DFW) E75LN268NNAmerican Eagle -,,,,,,,Abilene Regional Airport(ABI/KABI),
Landed 16:27 16:17  Phoenix(AZA) BE20N24HD -,,,,,,,Abilene Regional Airport(ABI/KABI),
Landed 16:24 16:23  Boise(BOI) BE20N61PC -,,,,,,,Abilene Regional Airport(ABI/KABI),
Landed 17:35 17:45 AA3405 Dallas(DFW) E170N790MKAmerican Eagle -,,,,,,,Abilene Regional Airport(ABI/KABI),
Landed 20:32 19:53 AA3705 Dallas(DFW) E75LN258NNAmerican Eagle -,,,,,,,Abilene Regional Airport(ABI/KABI),
Landed 21:47 21:54 AA3795 Dallas(DFW) E75LN223NNAmerican Eagle -,,,,,,,Abilene Regional Airport(ABI/KABI),
Unknown  06:50 BVN8285 Lubbock(LBB) C28Baron Aviation Services -,,,,,,,Abilene Regional Airport(ABI/KABI),
Unknown  07:26 MRA662 Dallas(DFW) C28Martinaire -,,,,,,,Abilene Regional Airport(ABI/KABI),
Landed 07:57 07:56 BVN8793 Lubbock(LBB) C208N961FEFedEx Feeder -,,,,,,,Abilene Regional Airport(ABI/KABI),
Landed 08:03 08:02 MRA666 Dallas(DFW) C208N1119VMartinaire -,,,,,,,Abilene Regional Airport(ABI/KABI),
Landed 07:53 08:04 BVN8200 Lubbock(LBB) C208N804FEFedEx Feeder -,,,,,,,Abilene Regional Airport(ABI/KABI),
Landed 08:10 08:07 BVN8829 Lubbock(LBB) C208N870FEFedEx Feeder -,,,,,,,Abilene Regional Airport(ABI/KABI),
Landed 08:08 08:24 BVN8811 Lubbock(LBB) C208N970FEFedEx Feeder -,,,,,,,Abilene Regional Airport(ABI/KABI),
Landed 08:32 08:30 HOB6 Oklahoma City(OKC) LJ75N472HL -,,,,,,,Abilene Regional Airport(ABI/KABI),
Landed 09:45 09:46  Georgetown(QTG) M20PN5801N -,,,,,,,Abilene Regional Airport(ABI/KABI),
Landed 10:11 09:57 AA3407 Dallas(DFW) E170N746CCAmerican Eagle -,,,,,,,Abilene Regional Airport(ABI/KABI),
Canceled  13:00 AA9901 Dallas(DFW) -N444MQAmerican Airlines -,,,,,,,Abilene Regional Airport(ABI/KABI),
Landed 14:06 14:14 AA3406 Dallas(DFW) E75LN256NNAmerican Eagle -,,,,,,,Abilene Regional Airport(ABI/KABI),
Landed 17:37 17:45 AA3405 Dallas(DFW) E170N872RWAmerican Eagle -,,,,,,,Abilene Regional Airport(ABI/KABI),
Landed 20:41 20:48  Las Cruces(LRU) C414N4228C -,,,,,,,Abilene Regional Airport(ABI/KABI),
Landed 21:46 21:54 AA3795 Dallas(DFW) E75LN268NNAmerican Eagle -,,,,,,,Abilene Regional Airport(ABI/KABI),
Landed 16:27 16:17  Phoenix(AZA) BE20N24HD -,,,,,,,Abilene Regional Airport(ABI/KABI),
Landed 16:24 16:23  Boise(BOI) BE20N61PC -,,,,,,,Abilene Regional Airport(ABI/KABI),
Landed 17:35 17:45 AA3405 Dallas(DFW) E170N790MKAmerican Eagle -,,,,,,,Abilene Regional Airport(ABI/KABI),
Landed 20:32 19:53 AA3705 Dallas(DFW) E75LN258NNAmerican Eagle -,,,,,,,Abilene Regional Airport(ABI/KABI),
Landed 21:47 21:54 AA3795 Dallas(DFW) E75LN223NNAmerican Eagle -,,,,,,,Abilene Regional Airport(ABI/KABI),
Unknown  06:50 BVN8285 Lubbock(LBB) C28Baron Aviation Services -,,,,,,,Abilene Regional Airport(ABI/KABI),
Unknown  07:26 MRA662 Dallas(DFW) C28Martinaire -,,,,,,,Abilene Regional Airport(ABI/KABI),
Landed 07:57 07:56 BVN8793 Lubbock(LBB) C208N961FEFedEx Feeder -,,,,,,,Abilene Regional Airport(ABI/KABI),
Landed 08:03 08:02 MRA666 Dallas(DFW) C208N1119VMartinaire -,,,,,,,Abilene Regional Airport(ABI/KABI),
Landed 07:53 08:04 BVN8200 Lubbock(LBB) C208N804FEFedEx Feeder -,,,,,,,Abilene Regional Airport(ABI/KABI),
Landed 08:10 08:07 BVN8829 Lubbock(LBB) C208N870FEFedEx Feeder -,,,,,,,Abilene Regional Airport(ABI/KABI),
Landed 08:08 08:24 BVN8811 Lubbock(LBB) C208N970FEFedEx Feeder -,,,,,,,Abilene Regional Airport(ABI/KABI),
Landed 08:32 08:30 HOB6 Oklahoma City(OKC) LJ75N472HL -,,,,,,,Abilene Regional Airport(ABI/KABI),
Landed 09:45 09:46  Georgetown(QTG) M20PN5801N -,,,,,,,Abilene Regional Airport(ABI/KABI),
Landed 10:11 09:57 AA3407 Dallas(DFW) E170N746CCAmerican Eagle -,,,,,,,Abilene Regional Airport(ABI/KABI),
Canceled  13:00 AA9901 Dallas(DFW) -N444MQAmerican Airlines -,,,,,,,Abilene Regional Airport(ABI/KABI),
Landed 14:06 14:14 AA3406 Dallas(DFW) E75LN256NNAmerican Eagle -,,,,,,,Abilene Regional Airport(ABI/KABI),
Landed 17:37 17:45 AA3405 Dallas(DFW) E170N872RWAmerican Eagle -,,,,,,,Abilene Regional Airport(ABI/KABI),
Landed 20:41 20:48  Las Cruces(LRU) C414N4228C -,,,,,,,Abilene Regional Airport(ABI/KABI),
Landed 21:46 21:54 AA3795 Dallas(DFW) E75LN268NNAmerican Eagle -,,,,,,,Abilene Regional Airport(ABI/KABI),
Scheduled  09:25  Midland(MDD) C172N319ME -,,,,,,,Abilene Regional Airport(ABI/KABI),
Scheduled  09:57 AA3407 Dallas(DFW) E170N791DKAmerican Eagle -,,,,,,,Abilene Regional Airport(ABI/KABI),
Scheduled  14:14 AA3406 Dallas(DFW) E75LN237NNAmerican Eagle -,,,,,,,Abilene Regional Airport(ABI/KABI),
Scheduled  17:45 AA3405 Dallas(DFW) E170N791DKAmerican Eagle -,,,,,,,Abilene Regional Airport(ABI/KABI),
Scheduled  19:53 AA3705 Dallas(DFW) E75LN204NNAmerican Eagle -,,,,,,,Abilene Regional Airport(ABI/KABI),
Scheduled  21:54 AA3795 Dallas(DFW) E75LN227NNAmerican Eagle -,,,,,,,Abilene Regional Airport(ABI/KABI),
Scheduled  09:57 AA3407 Dallas(DFW) E170N791DKAmerican Eagle -,,,,,,,Abilene Regional Airport(ABI/KABI),
Scheduled  14:14 AA3406 Dallas(DFW) E75LN286NNAmerican Eagle -,,,,,,,Abilene Regional Airport(ABI/KABI),
Scheduled  09:25  Midland(MDD) C172N319ME -,,,,,,,Abilene Regional Airport(ABI/KABI),
Scheduled  09:57 AA3407 Dallas(DFW) E170N791DKAmerican Eagle -,,,,,,,Abilene Regional Airport(ABI/KABI),
Scheduled  14:14 AA3406 Dallas(DFW) E75LN237NNAmerican Eagle -,,,,,,,Abilene Regional Airport(ABI/KABI),
Scheduled  17:45 AA3405 Dallas(DFW) E170N791DKAmerican Eagle -,,,,,,,Abilene Regional Airport(ABI/KABI),
Scheduled  19:53 AA3705 Dallas(DFW) E75LN204NNAmerican Eagle -,,,,,,,Abilene Regional Airport(ABI/KABI),
Scheduled  21:54 AA3795 Dallas(DFW) E75LN227NNAmerican Eagle -,,,,,,,Abilene Regional Airport(ABI/KABI),
Scheduled  09:57 AA3407 Dallas(DFW) E170N791DKAmerican Eagle -,,,,,,,Abilene Regional Airport(ABI/KABI),
Scheduled  14:14 AA3406 Dallas(DFW) E75LN286NNAmerican Eagle -,,,,,,,Abilene Regional Airport(ABI/KABI),
Scheduled  09:25  Midland(MDD) C172N319ME -,,,,,,,Abilene Regional Airport(ABI/KABI),
Scheduled  09:57 AA3407 Dallas(DFW) E170N791DKAmerican Eagle -,,,,,,,Abilene Regional Airport(ABI/KABI),
Scheduled  14:14 AA3406 Dallas(DFW) E75LN237NNAmerican Eagle -,,,,,,,Abilene Regional Airport(ABI/KABI),
Scheduled  17:45 AA3405 Dallas(DFW) E170N791DKAmerican Eagle -,,,,,,,Abilene Regional Airport(ABI/KABI),
Scheduled  19:53 AA3705 Dallas(DFW) E75LN204NNAmerican Eagle -,,,,,,,Abilene Regional Airport(ABI/KABI),
Scheduled  21:54 AA3795 Dallas(DFW) E75LN227NNAmerican Eagle -,,,,,,,Abilene Regional Airport(ABI/KABI),
Scheduled  09:57 AA3407 Dallas(DFW) E170N791DKAmerican Eagle -,,,,,,,Abilene Regional Airport(ABI/KABI),
Scheduled  14:14 AA3406 Dallas(DFW) E75LN286NNAmerican Eagle -,,,,,,,Abilene Regional Airport(ABI/KABI),
Scheduled  09:25  Midland(MDD) C172N319ME -,,,,,,,Abilene Regional Airport(ABI/KABI),
Scheduled  09:57 AA3407 Dallas(DFW) E170N791DKAmerican Eagle -,,,,,,,Abilene Regional Airport(ABI/KABI),
Scheduled  14:14 AA3406 Dallas(DFW) E75LN237NNAmerican Eagle -,,,,,,,Abilene Regional Airport(ABI/KABI),
Scheduled  17:45 AA3405 Dallas(DFW) E170N791DKAmerican Eagle -,,,,,,,Abilene Regional Airport(ABI/KABI),
Scheduled  19:53 AA3705 Dallas(DFW) E75LN204NNAmerican Eagle -,,,,,,,Abilene Regional Airport(ABI/KABI),
Scheduled  21:54 AA3795 Dallas(DFW) E75LN227NNAmerican Eagle -,,,,,,,Abilene Regional Airport(ABI/KABI),
Scheduled  09:57 AA3407 Dallas(DFW) E170N791DKAmerican Eagle -,,,,,,,Abilene Regional Airport(ABI/KABI),
Scheduled  14:14 AA3406 Dallas(DFW) E75LN286NNAmerican Eagle -,,,,,,,Abilene Regional Airport(ABI/KABI),
Scheduled  09:25  Midland(MDD) C172N319ME -,,,,,,,Abilene Regional Airport(ABI/KABI),
Scheduled  09:57 AA3407 Dallas(DFW) E170N791DKAmerican Eagle -,,,,,,,Abilene Regional Airport(ABI/KABI),
Scheduled  14:14 AA3406 Dallas(DFW) E75LN237NNAmerican Eagle -,,,,,,,Abilene Regional Airport(ABI/KABI),
Scheduled  17:45 AA3405 Dallas(DFW) E170N791DKAmerican Eagle -,,,,,,,Abilene Regional Airport(ABI/KABI),
Scheduled  19:53 AA3705 Dallas(DFW) E75LN204NNAmerican Eagle -,,,,,,,Abilene Regional Airport(ABI/KABI),
Scheduled  21:54 AA3795 Dallas(DFW) E75LN227NNAmerican Eagle -,,,,,,,Abilene Regional Airport(ABI/KABI),
Scheduled  09:57 AA3407 Dallas(DFW) E170N791DKAmerican Eagle -,,,,,,,Abilene Regional Airport(ABI/KABI),
Scheduled  14:14 AA3406 Dallas(DFW) E75LN286NNAmerican Eagle -,,,,,,,Abilene Regional Airport(ABI/KABI),
Scheduled  09:25  Midland(MDD) C172N319ME -,,,,,,,Abilene Regional Airport(ABI/KABI),
Scheduled  09:57 AA3407 Dallas(DFW) E170N791DKAmerican Eagle -,,,,,,,Abilene Regional Airport(ABI/KABI),
Scheduled  14:14 AA3406 Dallas(DFW) E75LN237NNAmerican Eagle -,,,,,,,Abilene Regional Airport(ABI/KABI),
Scheduled  17:45 AA3405 Dallas(DFW) E170N791DKAmerican Eagle -,,,,,,,Abilene Regional Airport(ABI/KABI),
Scheduled  19:53 AA3705 Dallas(DFW) E75LN204NNAmerican Eagle -,,,,,,,Abilene Regional Airport(ABI/KABI),
Scheduled  21:54 AA3795 Dallas(DFW) E75LN227NNAmerican Eagle -,,,,,,,Abilene Regional Airport(ABI/KABI),
Scheduled  09:57 AA3407 Dallas(DFW) E170N791DKAmerican Eagle -,,,,,,,Abilene Regional Airport(ABI/KABI),
Scheduled  14:14 AA3406 Dallas(DFW) E75LN286NNAmerican Eagle -,,,,,,,Abilene Regional Airport(ABI/KABI),
"Monday, Mar 11",,,,,,,Abilene Regional Airport(ABI/KABI),"Monday, Mar 11 2024"
16:17,,Phoenix (AZA)-,-,BE20 (N24HD),,Landed 16:27,Abilene Regional Airport(ABI/KABI),
16:23,,Boise (BOI)-,-,BE20 (N61PC),,Landed 16:24,Abilene Regional Airport(ABI/KABI),
17:45,AA3405,Dallas (DFW)-,American Eagle -,E170 (N790MK),,Landed 17:35,Abilene Regional Airport(ABI/KABI),
19:53,AA3705,Dallas (DFW)-,American Eagle -,E75L (N258NN),,Landed 20:32,Abilene Regional Airport(ABI/KABI),
21:54,AA3795,Dallas (DFW)-,American Eagle -,E75L (N223NN),,Landed 21:47,Abilene Regional Airport(ABI/KABI),
"Tuesday, Mar 12",,,,,,,Abilene Regional Airport(ABI/KABI),"Tuesday, Mar 12 2024"
06:50,BVN8285,Lubbock (LBB)-,Baron Aviation Services -,C28 (),,Unknown,Abilene Regional Airport(ABI/KABI),
07:26,MRA662,Dallas (DFW)-,Martinaire -,C28 (),,Unknown,Abilene Regional Airport(ABI/KABI),
07:56,BVN8793,Lubbock (LBB)-,FedEx Feeder -,C208 (N961FE),,Landed 07:57,Abilene Regional Airport(ABI/KABI),
08:02,MRA666,Dallas (DFW)-,Martinaire -,C208 (N1119V),,Landed 08:03,Abilene Regional Airport(ABI/KABI),
08:04,BVN8200,Lubbock (LBB)-,FedEx Feeder -,C208 (N804FE),,Landed 07:53,Abilene Regional Airport(ABI/KABI),
08:07,BVN8829,Lubbock (LBB)-,FedEx Feeder -,C208 (N870FE),,Landed 08:10,Abilene Regional Airport(ABI/KABI),
08:24,BVN8811,Lubbock (LBB)-,FedEx Feeder -,C208 (N970FE),,Landed 08:08,Abilene Regional Airport(ABI/KABI),
08:30,HOB6,Oklahoma City (OKC)-,-,LJ75 (N472HL),,Landed 08:32,Abilene Regional Airport(ABI/KABI),
09:46,,Georgetown (QTG)-,-,M20P (N5801N),,Landed 09:45,Abilene Regional Airport(ABI/KABI),
09:57,AA3407,Dallas (DFW)-,American Eagle -,E170 (N746CC),,Landed 10:11,Abilene Regional Airport(ABI/KABI),
13:00,AA9901,Dallas (DFW)-,American Airlines -,(N444MQ),,Canceled,Abilene Regional Airport(ABI/KABI),
14:14,AA3406,Dallas (DFW)-,American Eagle -,E75L (N256NN),,Landed 14:06,Abilene Regional Airport(ABI/KABI),
17:45,AA3405,Dallas (DFW)-,American Eagle -,E170 (N872RW),,Landed 17:37,Abilene Regional Airport(ABI/KABI),
20:48,,Las Cruces (LRU)-,-,C414 (N4228C),,Landed 20:41,Abilene Regional Airport(ABI/KABI),
21:54,AA3795,Dallas (DFW)-,American Eagle -,E75L (N268NN),,Landed 21:46,Abilene Regional Airport(ABI/KABI),
"Monday, Mar 11",,,,,,,Abilene Regional Airport(ABI/KABI),"Monday, Mar 11 2024"
16:17,,Phoenix (AZA)-,-,BE20 (N24HD),,Landed 16:27,Abilene Regional Airport(ABI/KABI),
16:23,,Boise (BOI)-,-,BE20 (N61PC),,Landed 16:24,Abilene Regional Airport(ABI/KABI),
17:45,AA3405,Dallas (DFW)-,American Eagle -,E170 (N790MK),,Landed 17:35,Abilene Regional Airport(ABI/KABI),
19:53,AA3705,Dallas (DFW)-,American Eagle -,E75L (N258NN),,Landed 20:32,Abilene Regional Airport(ABI/KABI),
21:54,AA3795,Dallas (DFW)-,American Eagle -,E75L (N223NN),,Landed 21:47,Abilene Regional Airport(ABI/KABI),
"Tuesday, Mar 12",,,,,,,Abilene Regional Airport(ABI/KABI),"Tuesday, Mar 12 2024"
06:50,BVN8285,Lubbock (LBB)-,Baron Aviation Services -,C28 (),,Unknown,Abilene Regional Airport(ABI/KABI),
07:26,MRA662,Dallas (DFW)-,Martinaire -,C28 (),,Unknown,Abilene Regional Airport(ABI/KABI),
07:56,BVN8793,Lubbock (LBB)-,FedEx Feeder -,C208 (N961FE),,Landed 07:57,Abilene Regional Airport(ABI/KABI),
08:02,MRA666,Dallas (DFW)-,Martinaire -,C208 (N1119V),,Landed 08:03,Abilene Regional Airport(ABI/KABI),
08:04,BVN8200,Lubbock (LBB)-,FedEx Feeder -,C208 (N804FE),,Landed 07:53,Abilene Regional Airport(ABI/KABI),
08:07,BVN8829,Lubbock (LBB)-,FedEx Feeder -,C208 (N870FE),,Landed 08:10,Abilene Regional Airport(ABI/KABI),
08:24,BVN8811,Lubbock (LBB)-,FedEx Feeder -,C208 (N970FE),,Landed 08:08,Abilene Regional Airport(ABI/KABI),
08:30,HOB6,Oklahoma City (OKC)-,-,LJ75 (N472HL),,Landed 08:32,Abilene Regional Airport(ABI/KABI),
09:46,,Georgetown (QTG)-,-,M20P (N5801N),,Landed 09:45,Abilene Regional Airport(ABI/KABI),
09:57,AA3407,Dallas (DFW)-,American Eagle -,E170 (N746CC),,Landed 10:11,Abilene Regional Airport(ABI/KABI),
13:00,AA9901,Dallas (DFW)-,American Airlines -,(N444MQ),,Canceled,Abilene Regional Airport(ABI/KABI),
14:14,AA3406,Dallas (DFW)-,American Eagle -,E75L (N256NN),,Landed 14:06,Abilene Regional Airport(ABI/KABI),
17:45,AA3405,Dallas (DFW)-,American Eagle -,E170 (N872RW),,Landed 17:37,Abilene Regional Airport(ABI/KABI),
20:48,,Las Cruces (LRU)-,-,C414 (N4228C),,Landed 20:41,Abilene Regional Airport(ABI/KABI),
21:54,AA3795,Dallas (DFW)-,American Eagle -,E75L (N268NN),,Landed 21:46,Abilene Regional Airport(ABI/KABI),
"Monday, Mar 11",,,,,,,Abilene Regional Airport(ABI/KABI),"Monday, Mar 11 2024"
16:17,,Phoenix (AZA)-,-,BE20 (N24HD),,Landed 16:27,Abilene Regional Airport(ABI/KABI),
16:23,,Boise (BOI)-,-,BE20 (N61PC),,Landed 16:24,Abilene Regional Airport(ABI/KABI),
17:45,AA3405,Dallas (DFW)-,American Eagle -,E170 (N790MK),,Landed 17:35,Abilene Regional Airport(ABI/KABI),
19:53,AA3705,Dallas (DFW)-,American Eagle -,E75L (N258NN),,Landed 20:32,Abilene Regional Airport(ABI/KABI),
21:54,AA3795,Dallas (DFW)-,American Eagle -,E75L (N223NN),,Landed 21:47,Abilene Regional Airport(ABI/KABI),
"Tuesday, Mar 12",,,,,,,Abilene Regional Airport(ABI/KABI),"Tuesday, Mar 12 2024"
06:50,BVN8285,Lubbock (LBB)-,Baron Aviation Services -,C28 (),,Unknown,Abilene Regional Airport(ABI/KABI),
07:26,MRA662,Dallas (DFW)-,Martinaire -,C28 (),,Unknown,Abilene Regional Airport(ABI/KABI),
07:56,BVN8793,Lubbock (LBB)-,FedEx Feeder -,C208 (N961FE),,Landed 07:57,Abilene Regional Airport(ABI/KABI),
08:02,MRA666,Dallas (DFW)-,Martinaire -,C208 (N1119V),,Landed 08:03,Abilene Regional Airport(ABI/KABI),
08:04,BVN8200,Lubbock (LBB)-,FedEx Feeder -,C208 (N804FE),,Landed 07:53,Abilene Regional Airport(ABI/KABI),
08:07,BVN8829,Lubbock (LBB)-,FedEx Feeder -,C208 (N870FE),,Landed 08:10,Abilene Regional Airport(ABI/KABI),
08:24,BVN8811,Lubbock (LBB)-,FedEx Feeder -,C208 (N970FE),,Landed 08:08,Abilene Regional Airport(ABI/KABI),
08:30,HOB6,Oklahoma City (OKC)-,-,LJ75 (N472HL),,Landed 08:32,Abilene Regional Airport(ABI/KABI),
09:46,,Georgetown (QTG)-,-,M20P (N5801N),,Landed 09:45,Abilene Regional Airport(ABI/KABI),
09:57,AA3407,Dallas (DFW)-,American Eagle -,E170 (N746CC),,Landed 10:11,Abilene Regional Airport(ABI/KABI),
13:00,AA9901,Dallas (DFW)-,American Airlines -,(N444MQ),,Canceled,Abilene Regional Airport(ABI/KABI),
14:14,AA3406,Dallas (DFW)-,American Eagle -,E75L (N256NN),,Landed 14:06,Abilene Regional Airport(ABI/KABI),
17:45,AA3405,Dallas (DFW)-,American Eagle -,E170 (N872RW),,Landed 17:37,Abilene Regional Airport(ABI/KABI),
20:48,,Las Cruces (LRU)-,-,C414 (N4228C),,Landed 20:41,Abilene Regional Airport(ABI/KABI),
21:54,AA3795,Dallas (DFW)-,American Eagle -,E75L (N268NN),,Landed 21:46,Abilene Regional Airport(ABI/KABI),
"Monday, Mar 11",,,,,,,Abilene Regional Airport(ABI/KABI),"Monday, Mar 11 2024"
16:17,,Phoenix (AZA)-,-,BE20 (N24HD),,Landed 16:27,Abilene Regional Airport(ABI/KABI),
16:23,,Boise (BOI)-,-,BE20 (N61PC),,Landed 16:24,Abilene Regional Airport(ABI/KABI),
17:45,AA3405,Dallas (DFW)-,American Eagle -,E170 (N790MK),,Landed 17:35,Abilene Regional Airport(ABI/KABI),
19:53,AA3705,Dallas (DFW)-,American Eagle -,E75L (N258NN),,Landed 20:32,Abilene Regional Airport(ABI/KABI),
21:54,AA3795,Dallas (DFW)-,American Eagle -,E75L (N223NN),,Landed 21:47,Abilene Regional Airport(ABI/KABI),
"Tuesday, Mar 12",,,,,,,Abilene Regional Airport(ABI/KABI),"Tuesday, Mar 12 2024"
06:50,BVN8285,Lubbock (LBB)-,Baron Aviation Services -,C28 (),,Unknown,Abilene Regional Airport(ABI/KABI),
07:26,MRA662,Dallas (DFW)-,Martinaire -,C28 (),,Unknown,Abilene Regional Airport(ABI/KABI),
07:56,BVN8793,Lubbock (LBB)-,FedEx Feeder -,C208 (N961FE),,Landed 07:57,Abilene Regional Airport(ABI/KABI),
08:02,MRA666,Dallas (DFW)-,Martinaire -,C208 (N1119V),,Landed 08:03,Abilene Regional Airport(ABI/KABI),
08:04,BVN8200,Lubbock (LBB)-,FedEx Feeder -,C208 (N804FE),,Landed 07:53,Abilene Regional Airport(ABI/KABI),
08:07,BVN8829,Lubbock (LBB)-,FedEx Feeder -,C208 (N870FE),,Landed 08:10,Abilene Regional Airport(ABI/KABI),
08:24,BVN8811,Lubbock (LBB)-,FedEx Feeder -,C208 (N970FE),,Landed 08:08,Abilene Regional Airport(ABI/KABI),
08:30,HOB6,Oklahoma City (OKC)-,-,LJ75 (N472HL),,Landed 08:32,Abilene Regional Airport(ABI/KABI),
09:46,,Georgetown (QTG)-,-,M20P (N5801N),,Landed 09:45,Abilene Regional Airport(ABI/KABI),
09:57,AA3407,Dallas (DFW)-,American Eagle -,E170 (N746CC),,Landed 10:11,Abilene Regional Airport(ABI/KABI),
13:00,AA9901,Dallas (DFW)-,American Airlines -,(N444MQ),,Canceled,Abilene Regional Airport(ABI/KABI),
14:14,AA3406,Dallas (DFW)-,American Eagle -,E75L (N256NN),,Landed 14:06,Abilene Regional Airport(ABI/KABI),
17:45,AA3405,Dallas (DFW)-,American Eagle -,E170 (N872RW),,Landed 17:37,Abilene Regional Airport(ABI/KABI),
20:48,,Las Cruces (LRU)-,-,C414 (N4228C),,Landed 20:41,Abilene Regional Airport(ABI/KABI),
21:54,AA3795,Dallas (DFW)-,American Eagle -,E75L (N268NN),,Landed 21:46,Abilene Regional Airport(ABI/KABI),
"Monday, Mar 11",,,,,,,Abilene Regional Airport(ABI/KABI),"Monday, Mar 11 2024"
16:17,,Phoenix (AZA)-,-,BE20 (N24HD),,Landed 16:27,Abilene Regional Airport(ABI/KABI),
16:23,,Boise (BOI)-,-,BE20 (N61PC),,Landed 16:24,Abilene Regional Airport(ABI/KABI),
17:45,AA3405,Dallas (DFW)-,American Eagle -,E170 (N790MK),,Landed 17:35,Abilene Regional Airport(ABI/KABI),
19:53,AA3705,Dallas (DFW)-,American Eagle -,E75L (N258NN),,Landed 20:32,Abilene Regional Airport(ABI/KABI),
21:54,AA3795,Dallas (DFW)-,American Eagle -,E75L (N223NN),,Landed 21:47,Abilene Regional Airport(ABI/KABI),
"Tuesday, Mar 12",,,,,,,Abilene Regional Airport(ABI/KABI),"Tuesday, Mar 12 2024"
06:50,BVN8285,Lubbock (LBB)-,Baron Aviation Services -,C28 (),,Unknown,Abilene Regional Airport(ABI/KABI),
07:26,MRA662,Dallas (DFW)-,Martinaire -,C28 (),,Unknown,Abilene Regional Airport(ABI/KABI),
07:56,BVN8793,Lubbock (LBB)-,FedEx Feeder -,C208 (N961FE),,Landed 07:57,Abilene Regional Airport(ABI/KABI),
08:02,MRA666,Dallas (DFW)-,Martinaire -,C208 (N1119V),,Landed 08:03,Abilene Regional Airport(ABI/KABI),
08:04,BVN8200,Lubbock (LBB)-,FedEx Feeder -,C208 (N804FE),,Landed 07:53,Abilene Regional Airport(ABI/KABI),
08:07,BVN8829,Lubbock (LBB)-,FedEx Feeder -,C208 (N870FE),,Landed 08:10,Abilene Regional Airport(ABI/KABI),
08:24,BVN8811,Lubbock (LBB)-,FedEx Feeder -,C208 (N970FE),,Landed 08:08,Abilene Regional Airport(ABI/KABI),
08:30,HOB6,Oklahoma City (OKC)-,-,LJ75 (N472HL),,Landed 08:32,Abilene Regional Airport(ABI/KABI),
09:46,,Georgetown (QTG)-,-,M20P (N5801N),,Landed 09:45,Abilene Regional Airport(ABI/KABI),
09:57,AA3407,Dallas (DFW)-,American Eagle -,E170 (N746CC),,Landed 10:11,Abilene Regional Airport(ABI/KABI),
13:00,AA9901,Dallas (DFW)-,American Airlines -,(N444MQ),,Canceled,Abilene Regional Airport(ABI/KABI),
14:14,AA3406,Dallas (DFW)-,American Eagle -,E75L (N256NN),,Landed 14:06,Abilene Regional Airport(ABI/KABI),
17:45,AA3405,Dallas (DFW)-,American Eagle -,E170 (N872RW),,Landed 17:37,Abilene Regional Airport(ABI/KABI),
20:48,,Las Cruces (LRU)-,-,C414 (N4228C),,Landed 20:41,Abilene Regional Airport(ABI/KABI),
21:54,AA3795,Dallas (DFW)-,American Eagle -,E75L (N268NN),,Landed 21:46,Abilene Regional Airport(ABI/KABI),
"Wednesday, Mar 13",,,,,,,Abilene Regional Airport(ABI/KABI),"Wednesday, Mar 13 2024"
09:25,,Midland (MDD)-,-,C172 (N319ME),,Scheduled,Abilene Regional Airport(ABI/KABI),
09:57,AA3407,Dallas (DFW)-,American Eagle -,E170 (N791DK),,Scheduled,Abilene Regional Airport(ABI/KABI),
14:14,AA3406,Dallas (DFW)-,American Eagle -,E75L (N237NN),,Scheduled,Abilene Regional Airport(ABI/KABI),
17:45,AA3405,Dallas (DFW)-,American Eagle -,E170 (N791DK),,Scheduled,Abilene Regional Airport(ABI/KABI),
19:53,AA3705,Dallas (DFW)-,American Eagle -,E75L (N204NN),,Scheduled,Abilene Regional Airport(ABI/KABI),
21:54,AA3795,Dallas (DFW)-,American Eagle -,E75L (N227NN),,Scheduled,Abilene Regional Airport(ABI/KABI),
"Thursday, Mar 14",,,,,,,Abilene Regional Airport(ABI/KABI),"Thursday, Mar 14 2024"
09:57,AA3407,Dallas (DFW)-,American Eagle -,E170 (N791DK),,Scheduled,Abilene Regional Airport(ABI/KABI),
14:14,AA3406,Dallas (DFW)-,American Eagle -,E75L (N286NN),,Scheduled,Abilene Regional Airport(ABI/KABI),
"Wednesday, Mar 13",,,,,,,Abilene Regional Airport(ABI/KABI),"Wednesday, Mar 13 2024"
09:25,,Midland (MDD)-,-,C172 (N319ME),,Scheduled,Abilene Regional Airport(ABI/KABI),
09:57,AA3407,Dallas (DFW)-,American Eagle -,E170 (N791DK),,Scheduled,Abilene Regional Airport(ABI/KABI),
14:14,AA3406,Dallas (DFW)-,American Eagle -,E75L (N237NN),,Scheduled,Abilene Regional Airport(ABI/KABI),
17:45,AA3405,Dallas (DFW)-,American Eagle -,E170 (N791DK),,Scheduled,Abilene Regional Airport(ABI/KABI),
19:53,AA3705,Dallas (DFW)-,American Eagle -,E75L (N204NN),,Scheduled,Abilene Regional Airport(ABI/KABI),
21:54,AA3795,Dallas (DFW)-,American Eagle -,E75L (N227NN),,Scheduled,Abilene Regional Airport(ABI/KABI),
"Thursday, Mar 14",,,,,,,Abilene Regional Airport(ABI/KABI),"Thursday, Mar 14 2024"
09:57,AA3407,Dallas (DFW)-,American Eagle -,E170 (N791DK),,Scheduled,Abilene Regional Airport(ABI/KABI),
14:14,AA3406,Dallas (DFW)-,American Eagle -,E75L (N286NN),,Scheduled,Abilene Regional Airport(ABI/KABI),
"Wednesday, Mar 13",,,,,,,Abilene Regional Airport(ABI/KABI),"Wednesday, Mar 13 2024"
09:25,,Midland (MDD)-,-,C172 (N319ME),,Scheduled,Abilene Regional Airport(ABI/KABI),
09:57,AA3407,Dallas (DFW)-,American Eagle -,E170 (N791DK),,Scheduled,Abilene Regional Airport(ABI/KABI),
14:14,AA3406,Dallas (DFW)-,American Eagle -,E75L (N237NN),,Scheduled,Abilene Regional Airport(ABI/KABI),
17:45,AA3405,Dallas (DFW)-,American Eagle -,E170 (N791DK),,Scheduled,Abilene Regional Airport(ABI/KABI),
19:53,AA3705,Dallas (DFW)-,American Eagle -,E75L (N204NN),,Scheduled,Abilene Regional Airport(ABI/KABI),
21:54,AA3795,Dallas (DFW)-,American Eagle -,E75L (N227NN),,Scheduled,Abilene Regional Airport(ABI/KABI),
"Thursday, Mar 14",,,,,,,Abilene Regional Airport(ABI/KABI),"Thursday, Mar 14 2024"
09:57,AA3407,Dallas (DFW)-,American Eagle -,E170 (N791DK),,Scheduled,Abilene Regional Airport(ABI/KABI),
14:14,AA3406,Dallas (DFW)-,American Eagle -,E75L (N286NN),,Scheduled,Abilene Regional Airport(ABI/KABI),
"Wednesday, Mar 13",,,,,,,Abilene Regional Airport(ABI/KABI),"Wednesday, Mar 13 2024"
09:25,,Midland (MDD)-,-,C172 (N319ME),,Scheduled,Abilene Regional Airport(ABI/KABI),
09:57,AA3407,Dallas (DFW)-,American Eagle -,E170 (N791DK),,Scheduled,Abilene Regional Airport(ABI/KABI),
14:14,AA3406,Dallas (DFW)-,American Eagle -,E75L (N237NN),,Scheduled,Abilene Regional Airport(ABI/KABI),
17:45,AA3405,Dallas (DFW)-,American Eagle -,E170 (N791DK),,Scheduled,Abilene Regional Airport(ABI/KABI),
19:53,AA3705,Dallas (DFW)-,American Eagle -,E75L (N204NN),,Scheduled,Abilene Regional Airport(ABI/KABI),
21:54,AA3795,Dallas (DFW)-,American Eagle -,E75L (N227NN),,Scheduled,Abilene Regional Airport(ABI/KABI),
"Thursday, Mar 14",,,,,,,Abilene Regional Airport(ABI/KABI),"Thursday, Mar 14 2024"
09:57,AA3407,Dallas (DFW)-,American Eagle -,E170 (N791DK),,Scheduled,Abilene Regional Airport(ABI/KABI),
14:14,AA3406,Dallas (DFW)-,American Eagle -,E75L (N286NN),,Scheduled,Abilene Regional Airport(ABI/KABI),
"Wednesday, Mar 13",,,,,,,Abilene Regional Airport(ABI/KABI),"Wednesday, Mar 13 2024"
09:25,,Midland (MDD)-,-,C172 (N319ME),,Scheduled,Abilene Regional Airport(ABI/KABI),
09:57,AA3407,Dallas (DFW)-,American Eagle -,E170 (N791DK),,Scheduled,Abilene Regional Airport(ABI/KABI),
14:14,AA3406,Dallas (DFW)-,American Eagle -,E75L (N237NN),,Scheduled,Abilene Regional Airport(ABI/KABI),
17:45,AA3405,Dallas (DFW)-,American Eagle -,E170 (N791DK),,Scheduled,Abilene Regional Airport(ABI/KABI),
19:53,AA3705,Dallas (DFW)-,American Eagle -,E75L (N204NN),,Scheduled,Abilene Regional Airport(ABI/KABI),
21:54,AA3795,Dallas (DFW)-,American Eagle -,E75L (N227NN),,Scheduled,Abilene Regional Airport(ABI/KABI),
"Thursday, Mar 14",,,,,,,Abilene Regional Airport(ABI/KABI),"Thursday, Mar 14 2024"
09:57,AA3407,Dallas (DFW)-,American Eagle -,E170 (N791DK),,Scheduled,Abilene Regional Airport(ABI/KABI),
14:14,AA3406,Dallas (DFW)-,American Eagle -,E75L (N286NN),,Scheduled,Abilene Regional Airport(ABI/KABI),
"Wednesday, Mar 13",,,,,,,Abilene Regional Airport(ABI/KABI),"Wednesday, Mar 13 2024"
09:25,,Midland (MDD)-,-,C172 (N319ME),,Scheduled,Abilene Regional Airport(ABI/KABI),
09:57,AA3407,Dallas (DFW)-,American Eagle -,E170 (N791DK),,Scheduled,Abilene Regional Airport(ABI/KABI),
14:14,AA3406,Dallas (DFW)-,American Eagle -,E75L (N237NN),,Scheduled,Abilene Regional Airport(ABI/KABI),
17:45,AA3405,Dallas (DFW)-,American Eagle -,E170 (N791DK),,Scheduled,Abilene Regional Airport(ABI/KABI),
19:53,AA3705,Dallas (DFW)-,American Eagle -,E75L (N204NN),,Scheduled,Abilene Regional Airport(ABI/KABI),
21:54,AA3795,Dallas (DFW)-,American Eagle -,E75L (N227NN),,Scheduled,Abilene Regional Airport(ABI/KABI),
"Thursday, Mar 14",,,,,,,Abilene Regional Airport(ABI/KABI),"Thursday, Mar 14 2024"
09:57,AA3407,Dallas (DFW)-,American Eagle -,E170 (N791DK),,Scheduled,Abilene Regional Airport(ABI/KABI),
14:14,AA3406,Dallas (DFW)-,American Eagle -,E75L (N286NN),,Scheduled,Abilene Regional Airport(ABI/KABI),
Load later flights,,,,,,,Abilene Regional Airport(ABI/KABI),
* All times are in local timezone,,,,,,,Abilene Regional Airport(ABI/KABI),
